Cites,Authors,Title,Year,Source,Publisher,ArticleURL,CitesURL,GSRank,QueryDate,Type,DOI,ISSN,CitationURL,Volume,Issue,StartPage,EndPage,ECC,CitesPerYear,CitesPerAuthor,AuthorCount,Age,Abstract,FullTextURL,RelatedURL
17,"MJM Chowdhury, A Colman, J Han, MA Kabir","A policy framework for subject-driven data sharing",2018,"","aisel.aisnet.org","https://aisel.aisnet.org/hicss-51/os/information_security/3/","https://scholar.google.com/scholar?cites=7561230193831950371&as_sdt=2005&sciodt=2007&hl=en",1,"2025-06-12 12:52:31","","","","",,,,,17,2.43,4,4,7,"… to share their data, especially in a cross-domain (data custodian) … a data sharing policy language and related framework for a data subject to capture their fine-grained data sharing …","https://figshare.swinburne.edu.au/articles/conference_contribution/A_Policy_Framework_for_Subject-Driven_Data_Sharing/26252114/1/files/47586341.pdf","https://scholar.google.com/scholar?q=related:I7hP2Mzi7mgJ:scholar.google.com/&scioq=policy+data+sharing+framework%7Carchitecture&hl=en&as_sdt=2007"
17,"E Higgins, M Taylor, P Lisboa, F Arshad","Developing a data sharing framework: a case study",2014,"… : People, Process and Policy","emerald.com","https://www.emerald.com/insight/content/doi/10.1108/tg-02-2013-0007/full/html","https://scholar.google.com/scholar?cites=12624052223365703309&as_sdt=2005&sciodt=2007&hl=en",2,"2025-06-12 12:52:31","","10.1108/tg-02-2013-0007","","",,,,,17,1.55,4,4,11,"… In this paper we examine the issues associated with the development of a data sharing framework for partnerships between different types of public sector organizations. The research …","https://researchonline.ljmu.ac.uk/id/eprint/190/3/Datashareframev15mainpaperpostrefereedversion.pdf","https://scholar.google.com/scholar?q=related:jWaxr5ykMa8J:scholar.google.com/&scioq=policy+data+sharing+framework%7Carchitecture&hl=en&as_sdt=2007"
63,"A Munoz-Arcentales, S López-Pernas, A Pozo, ...","An architecture for providing data usage and access control in data sharing ecosystems",2019,"Procedia Computer …","Elsevier","https://www.sciencedirect.com/science/article/pii/S1877050919317429","https://scholar.google.com/scholar?cites=8196129636069168423&as_sdt=2005&sciodt=2007&hl=en",3,"2025-06-12 12:52:31","","","","",,,,,63,10.50,16,4,6,"… ’ data by third-party entities, easing and ensuring data sharing in … In this article, we present an architecture proposal for … However, the architecture we propose is agnostic of the Policy …","https://www.sciencedirect.com/science/article/pii/S1877050919317429/pdf?md5=57f39bbe5cf337e294e90d663f7b4abf&pid=1-s2.0-S1877050919317429-main.pdf","https://scholar.google.com/scholar?q=related:J1X0onqAvnEJ:scholar.google.com/&scioq=policy+data+sharing+framework%7Carchitecture&hl=en&as_sdt=2007"
27,"W Hofman, M Rajagopal","A technical framework for data sharing",2014,"Journal of theoretical and applied …","SciELO Chile","https://www.scielo.cl/scielo.php?pid=S0718-18762014000300005&script=sci_arttext","https://scholar.google.com/scholar?cites=10969838853473645931&as_sdt=2005&sciodt=2007&hl=en",4,"2025-06-12 12:52:31","HTML","","","",,,,,27,2.45,14,2,11,"… Various governments have the policy of providing data sets to the public via open data … implementing open data. This paper analyses required functionality for data sharing considering …","https://www.scielo.cl/scielo.php?pid=S0718-18762014000300005&script=sci_arttext","https://scholar.google.com/scholar?q=related:azWTCFGyPJgJ:scholar.google.com/&scioq=policy+data+sharing+framework%7Carchitecture&hl=en&as_sdt=2007"
368,"I Makhdoom, I Zhou, M Abolhasan, J Lipman, W Ni","PrivySharing: A blockchain-based framework for privacy-preserving and secure data sharing in smart cities",2020,"Computers &Security","Elsevier","https://www.sciencedirect.com/science/article/pii/S016740481930197X","https://scholar.google.com/scholar?cites=3202251803915078944&as_sdt=2005&sciodt=2007&hl=en",5,"2025-06-12 12:52:31","","","","",,,,,368,73.60,74,5,5,"… is stored on off-blockchain storage, whereas blockchain smart contracts are used to store the hash of data and data usage policy. Also, there is a specific smart contract between the …","https://opus.lib.uts.edu.au/bitstream/10453/147586/2/Binder3.pdf","https://scholar.google.com/scholar?q=related:IE22pQyvcCwJ:scholar.google.com/&scioq=policy+data+sharing+framework%7Carchitecture&hl=en&as_sdt=2007"
67,"P Eckersley, GF Egan, E De Schutter, T Yiyuan, ...","Neuroscience data and tool sharing: a legal and policy framework for neuroinformatics",2003,"Neuroinformatics","Springer","https://link.springer.com/article/10.1007/s12021-003-0002-1","https://scholar.google.com/scholar?cites=13819013121392266468&as_sdt=2005&sciodt=2007&hl=en",6,"2025-06-12 12:52:31","","10.1007/s12021-003-0002-1","","",,,,,67,3.05,13,5,22,"… an obstacle for collaborative data sharing is that of credit for one’s data. Many … data sharing have suggested that the additional expertise of the original researcher with regard to this data …","https://www.academia.edu/download/51421856/Neuroscience_data_and_tool_sharing_a_leg20170119-10364-12pilvl.pdf","https://scholar.google.com/scholar?q=related:5EwMtzf_xr8J:scholar.google.com/&scioq=policy+data+sharing+framework%7Carchitecture&hl=en&as_sdt=2007"
20,"C Neylon","Building a culture of data sharing: policy design and implementation for research data management in development research",2017,"Research Ideas and Outcomes","riojournal.com","https://riojournal.com/lib/ajax_srv/article_elements_srv.php?action=download_pdf&item_id=21773","https://scholar.google.com/scholar?cites=6738608664262032611&as_sdt=2005&sciodt=2007&hl=en",7,"2025-06-12 12:52:31","PDF","","","",,,,,20,2.50,20,1,8,"… framework) needs to be coupled to changes in policy (Rules in Use within IAD). IAD and Cultural Science both also emphasise evaluative capacity, linked to changes in outcomes, as …","https://riojournal.com/lib/ajax_srv/article_elements_srv.php?action=download_pdf&item_id=21773","https://scholar.google.com/scholar?q=related:4zy1oeBYhF0J:scholar.google.com/&scioq=policy+data+sharing+framework%7Carchitecture&hl=en&as_sdt=2007"
17,"A Rajasekar, R Moore, M Wan, ...","Applying rules as policies for large-scale data sharing",2010,"2010 International …","ieeexplore.ieee.org","https://ieeexplore.ieee.org/abstract/document/5416072/","https://scholar.google.com/scholar?cites=17140759533473880658&as_sdt=2005&sciodt=2007&hl=en",8,"2025-06-12 12:52:31","","","","",,,,,17,1.13,4,4,15,"… a policy-oriented architecture consisting of a framework of “data management and data … heterogeneous resources that broker Petabytes of data collected in hundreds of millions of …","https://www.academia.edu/download/68786175/isms.2010.6620210817-6266-1pf3af2.pdf","https://scholar.google.com/scholar?q=related:UtoZ5fo14O0J:scholar.google.com/&scioq=policy+data+sharing+framework%7Carchitecture&hl=en&as_sdt=2007"
220,"BM Knoppers","Framework for responsible sharing of genomic and health-related data",2014,"The HUGO journal","Springer","https://link.springer.com/article/10.1186/s11568-014-0003-1","https://scholar.google.com/scholar?cites=12255262179365919769&as_sdt=2005&sciodt=2007&hl=en",9,"2025-06-12 12:52:31","HTML","10.1186/s11568-014-0003-1","","",,,,,220,20.00,220,1,11,"… , codes and policies also guide responsible data sharing behavior). This Framework is guided by … In particular, this Framework establishes a set of foundational principles for responsible …","https://link.springer.com/article/10.1186/s11568-014-0003-1","https://scholar.google.com/scholar?q=related:GZxiXgVwE6oJ:scholar.google.com/&scioq=policy+data+sharing+framework%7Carchitecture&hl=en&as_sdt=2007"
80,"T Hardjono, DL Shrier, A Pentland","Trusted Data, revised and expanded edition: A New Framework for Identity and Data Sharing",2019,"","books.google.com","https://books.google.com/books?hl=en&lr=&id=KiC4DwAAQBAJ&oi=fnd&pg=PR5&dq=policy+data+sharing+framework%7Carchitecture&ots=NWINzWTCAl&sig=ayGmdoU5M_1bTsj6hpBynOX8ak0","https://scholar.google.com/scholar?cites=9903325795640704977&as_sdt=2005&sciodt=2007&hl=en",10,"2025-06-12 12:52:31","BOOK","","","",,,,,80,13.33,27,3,6,"… It also provides a natural mechanism for developing evidence-based policies and a … science of public policy. In this book, we will describe a data architecture that places humans and …","","https://scholar.google.com/scholar?q=related:0X8gUFeub4kJ:scholar.google.com/&scioq=policy+data+sharing+framework%7Carchitecture&hl=en&as_sdt=2007"
100,"H Hu, GJ Ahn","Multiparty authorization framework for data sharing in online social networks",2011,"… Annual Conference on Data and Applications Security …","Springer","https://link.springer.com/chapter/10.1007/978-3-642-22348-8_5","https://scholar.google.com/scholar?cites=15998498135014706493&as_sdt=2005&sciodt=2007&hl=en",11,"2025-06-12 12:52:31","","10.1007/978-3-642-22348-8_5","","",,,,,100,7.14,50,2,14,"… a multiparty authorization framework that enables collaborative management of shared data in … to be system and policy administrators for regulating their data, where users can restrict …","https://inria.hal.science/hal-01586571/file/978-3-642-22348-8_5_Chapter.pdf","https://scholar.google.com/scholar?q=related:PQ1NRUoVBt4J:scholar.google.com/&scioq=policy+data+sharing+framework%7Carchitecture&hl=en&as_sdt=2007"
147,"K Spanaki, E Karafili, S Despoudi","AI applications of data sharing in agriculture 4.0: A framework for role-based data access control",2021,"International Journal of Information …","Elsevier","https://www.sciencedirect.com/science/article/pii/S0268401221000438","https://scholar.google.com/scholar?cites=2974833985129256811&as_sdt=2005&sciodt=2007&hl=en",12,"2025-06-12 12:52:31","","","","",,,,,147,36.75,49,3,4,"… while we incrementally explore the data sharing challenges in Agriculture 4.0. Data management and sharing practices should enforce defined contextual policies for access control. …","https://eprints.soton.ac.uk/448956/1/AI_applications_of_data_sharing_in_agriculture_4.0_A_framework_for_role_based_data_access_control.pdf","https://scholar.google.com/scholar?q=related:a5djhb-7SCkJ:scholar.google.com/&scioq=policy+data+sharing+framework%7Carchitecture&hl=en&as_sdt=2007"
863,"A Zuiderwijk, M Janssen","Open data policies, their implementation and impact: A framework for comparison",2014,"Government information quarterly","Elsevier","https://www.sciencedirect.com/science/article/pii/S0740624X13001202","https://scholar.google.com/scholar?cites=6038647953662960549&as_sdt=2005&sciodt=2007&hl=en",13,"2025-06-12 12:52:31","","","","",,,,,863,78.45,432,2,11,"… common and differentiating elements in the policies and to identify the factors affecting the variation in policies, this paper develops a framework for comparing open data policies. The …","https://www.academia.edu/download/45686999/j.giq.2013.04.00320160516-12353-qzzbuh.pdf","https://scholar.google.com/scholar?q=related:pWO42VGWzVMJ:scholar.google.com/&scioq=policy+data+sharing+framework%7Carchitecture&hl=en&as_sdt=2007"
94,"S Amofa, EB Sifah, OB Kwame, S Abla, ...","A blockchain-based architecture framework for secure sharing of personal health data",2018,"2018 IEEE 20th …","ieeexplore.ieee.org","https://ieeexplore.ieee.org/abstract/document/8531160/","https://scholar.google.com/scholar?cites=5860549971839550505&as_sdt=2005&sciodt=2007&hl=en",14,"2025-06-12 12:52:31","","","","",,,,,94,13.43,19,5,7,"… and smart contracts-based policies to monitor adherence to sharing policies and destroy the … We designed our system to integrate with already existing health data sharing systems and …","","https://scholar.google.com/scholar?q=related:KQTsGybbVFEJ:scholar.google.com/&scioq=policy+data+sharing+framework%7Carchitecture&hl=en&as_sdt=2007"
143,"DW Chadwick, W Fan, G Costantino, ...","A cloud-edge based data security architecture for sharing and analysing cyber threat information",2020,"Future generation …","Elsevier","https://www.sciencedirect.com/science/article/pii/S0167739X19300895","https://scholar.google.com/scholar?cites=15216098795552125650&as_sdt=2005&sciodt=2007&hl=en",15,"2025-06-12 12:52:31","HTML","","","",,,,,143,28.60,36,4,5,"… a data sharing and analysis framework that allows organizations to confidentially share their CTI data … XACML policy decision point (PDP) to enforce our Data Sharing Agreement (DSA) …","https://www.sciencedirect.com/science/article/pii/S0167739X19300895","https://scholar.google.com/scholar?q=related:0jIieDxxKtMJ:scholar.google.com/&scioq=policy+data+sharing+framework%7Carchitecture&hl=en&as_sdt=2007"
88,"AR Rajput, Q Li, MT Ahvanooey","A blockchain-based secret-data sharing framework for personal health records in emergency condition",2021,"Healthcare","mdpi.com","https://www.mdpi.com/2227-9032/9/2/206","https://scholar.google.com/scholar?cites=11146002315805053396&as_sdt=2005&sciodt=2007&hl=en",16,"2025-06-12 12:52:31","HTML","","","",,,,,88,22.00,29,3,4,"… framework, we perform security policies … that this framework assures the secret data sharing of the PHR by considering the immutability, auditing, and emergency access control policies. …","https://www.mdpi.com/2227-9032/9/2/206","https://scholar.google.com/scholar?q=related:1NE9Ww2OrpoJ:scholar.google.com/&scioq=policy+data+sharing+framework%7Carchitecture&hl=en&as_sdt=2007"
122,"Y Zhang, D He, KKR Choo","BaDS: blockchain‐based architecture for data sharing with ABS and CP‐ABE in IoT",2018,"Wireless Communications and …","Wiley Online Library","https://onlinelibrary.wiley.com/doi/abs/10.1155/2018/2783658","https://scholar.google.com/scholar?cites=2755953070399478205&as_sdt=2005&sciodt=2007&hl=en",17,"2025-06-12 12:52:31","","10.1155/2018/2783658","","",,,,,122,17.43,41,3,7,"… Ciphertext-Policy Attribute-Based Encryption (… share data with some target devices which have specified attributes [19]. The data owner can make policies (s)he wishes to share the data …","https://onlinelibrary.wiley.com/doi/pdf/10.1155/2018/2783658","https://scholar.google.com/scholar?q=related:vdnOQrccPyYJ:scholar.google.com/&scioq=policy+data+sharing+framework%7Carchitecture&hl=en&as_sdt=2007"
66,"I Gupta, N Singh, AK Singh","Layer-based privacy and security architecture for cloud data sharing",2019,"Journal of Communications Software and …","hrcak.srce.hr","https://hrcak.srce.hr/220970","https://scholar.google.com/scholar?cites=2468033494339209265&as_sdt=2005&sciodt=2007&hl=en",18,"2025-06-12 12:52:31","","","","",,,,,66,11.00,22,3,6,"… 1) Policy/Architecture Composition: Our model includes m number of authorized clients whose authorization table is associated with the owner-cloud agreement and is stored at cloud …","https://hrcak.srce.hr/file/322608","https://scholar.google.com/scholar?q=related:McjaC2M3QCIJ:scholar.google.com/&scioq=policy+data+sharing+framework%7Carchitecture&hl=en&as_sdt=2007"
288,"P Arzberger, P Schroeder, A Beaulieu, G Bowker, ...","An international framework to promote access to data",2004,"Science","science.org","https://www.science.org/doi/abs/10.1126/science.1095958","https://scholar.google.com/scholar?cites=16120759342788674505&as_sdt=2005&sciodt=2007&hl=en",19,"2025-06-12 12:52:31","","10.1126/science.1095958","","",,,,,288,13.71,58,5,21,"… data access and sharing issues systematically in a policy arena … “Incentives for data sharing need to be offered that offset the … to be a procedural framework that makes sharing sensible, …","https://citeseerx.ist.psu.edu/document?repid=rep1&type=pdf&doi=b701efa558035c232ec510af0669ba1adb4400b2","https://scholar.google.com/scholar?q=related:yYN6-DVxuN8J:scholar.google.com/&scioq=policy+data+sharing+framework%7Carchitecture&hl=en&as_sdt=2007"
185,"D Bechtsis, N Tsolakis, E Iakovou, ...","Data-driven secure, resilient and sustainable supply chains: gaps, opportunities, and a new generalised data sharing and data monetisation framework",2022,"International Journal of …","Taylor &Francis","https://www.tandfonline.com/doi/abs/10.1080/00207543.2021.1957506","https://scholar.google.com/scholar?cites=17810018919853043472&as_sdt=2005&sciodt=2007&hl=en",20,"2025-06-12 12:52:31","","10.1080/00207543.2021.1957506","","",,,,,185,61.67,46,4,3,"… a new generalised framework based on data sharing and data … In this context, data monetisation could remedy the myopic … framework could assist SC stakeholders and …","","https://scholar.google.com/scholar?q=related:EK_TmNjlKfcJ:scholar.google.com/&scioq=policy+data+sharing+framework%7Carchitecture&hl=en&as_sdt=2007"
122,"J Shen, D Liu, J Shen, Q Liu, X Sun","A secure cloud-assisted urban data sharing framework for ubiquitous-cities",2017,"Pervasive and mobile Computing","Elsevier","https://www.sciencedirect.com/science/article/pii/S157411921730161X","https://scholar.google.com/scholar?cites=6101493563157277121&as_sdt=2005&sciodt=2007&hl=en",21,"2025-06-12 12:52:31","","","","",,,,,122,15.25,24,5,8,"… In this paper, we propose a framework for urban data sharing by exploiting the attribute-based cryptography. In order to fit the real world ubiquitous-cities utilization, we extend our …","https://www.sciencedirect.com/science/article/am/pii/S157411921730161X","https://scholar.google.com/scholar?q=related:wWlSjxHcrFQJ:scholar.google.com/&scioq=policy+data+sharing+framework%7Carchitecture&hl=en&as_sdt=2007"
87,"Y Miao, Q Tong, KKR Choo, X Liu, ...","Secure online/offline data sharing framework for cloud-assisted industrial Internet of Things",2019,"IEEE Internet of …","ieeexplore.ieee.org","https://ieeexplore.ieee.org/abstract/document/8736869/","https://scholar.google.com/scholar?cites=17148001828297257905&as_sdt=2005&sciodt=2007&hl=en",22,"2025-06-12 12:52:31","","","","",,,,,87,14.50,17,5,6,"… access control over encrypted data (eg, in cloud-assisted applications). In CP-ABE schemes, the PHRs are encrypted based on the specified access policy, and data users’ (DUs) secret …","","https://scholar.google.com/scholar?q=related:sTNoD8_w-e0J:scholar.google.com/&scioq=policy+data+sharing+framework%7Carchitecture&hl=en&as_sdt=2007"
752,"S Wang, Y Zhang, Y Zhang","A blockchain-based framework for data sharing with fine-grained access control in decentralized storage systems",2018,"Ieee Access","ieeexplore.ieee.org","https://ieeexplore.ieee.org/abstract/document/8400511/","https://scholar.google.com/scholar?cites=1708172162538102632&as_sdt=2005&sciodt=2007&hl=en",23,"2025-06-12 12:52:31","","","","",,,,,752,107.43,251,3,7,"… data storage and sharing scheme for decentralized storage systems, and propose a framework … Through this mechanism, the data owner can specifies the data access policy based on …","https://ieeexplore.ieee.org/iel7/6287639/6514899/08400511.pdf","https://scholar.google.com/scholar?q=related:aF9LE4iltBcJ:scholar.google.com/&scioq=policy+data+sharing+framework%7Carchitecture&hl=en&as_sdt=2007"
66,"ES Dove","Biobanks, data sharing, and the drive for a global privacy governance framework",2015,"Journal of Law, Medicine &Ethics","cambridge.org","https://www.cambridge.org/core/journals/journal-of-law-medicine-and-ethics/article/biobanks-data-sharing-and-the-drive-for-a-global-privacy-governance-framework/A2B310CF8E0119126CC1D0D6223AE1D7","https://scholar.google.com/scholar?cites=1077432864692951006&as_sdt=2005&sciodt=2007&hl=en",24,"2025-06-12 12:52:31","","","","",,,,,66,6.60,66,1,10,"… , policymakers, research funders, and biobank administrators to develop numerous privacy policies… of international research and database interoperability, all too often the policies are ill-…","","https://scholar.google.com/scholar?q=related:3tdaYXvP8w4J:scholar.google.com/&scioq=policy+data+sharing+framework%7Carchitecture&hl=en&as_sdt=2007"
167,"MT Britto, SC Fuller, HC Kaplan, U Kotagal, ...","Using a network organisational architecture to support the development of Learning Healthcare Systems",2018,"BMJ quality & …","qualitysafety.bmj.com","https://qualitysafety.bmj.com/content/27/11/937.abstract","https://scholar.google.com/scholar?cites=6173447212871835592&as_sdt=2005&sciodt=2007&hl=en",25,"2025-06-12 12:52:31","","","","",,,,,167,23.86,33,5,7,"… The network framework aligns participants around a common … and policies, including communication policies, data sharing, privacy … A common repository (a ‘commons’) is used to …","https://qualitysafety.bmj.com/content/qhc/27/11/937.full.pdf","https://scholar.google.com/scholar?q=related:yN_ZIoh9rFUJ:scholar.google.com/&scioq=policy+data+sharing+framework%7Carchitecture&hl=en&as_sdt=2007"
46,"J Strassner, WW Diab","A semantic interoperability architecture for Internet of Things data sharing and computing",2016,"2016 IEEE 3rd World Forum on Internet …","ieeexplore.ieee.org","https://ieeexplore.ieee.org/abstract/document/7845422/","https://scholar.google.com/scholar?cites=8981025448974437038&as_sdt=2005&sciodt=2007&hl=en",26,"2025-06-12 12:52:31","","","","",,,,,46,5.11,23,2,9,"… sharing of data and knowledge. This document describes an architecture that combines information and data … In this work, context is used to define semantics and policies; this is lacking …","","https://scholar.google.com/scholar?q=related:rkrd9A8Do3wJ:scholar.google.com/&scioq=policy+data+sharing+framework%7Carchitecture&hl=en&as_sdt=2007"
88,"I Hrynaszkiewicz, N Simons, ...","Developing a research data policy framework for all journals and publishers",2020,"Data Science …","account.datascience.codata.org","https://account.datascience.codata.org/index.php/up-j-dsj/article/view/dsj-2020-005","https://scholar.google.com/scholar?cites=4100581382621019869&as_sdt=2005&sciodt=2007&hl=en",27,"2025-06-12 12:52:31","","","","",,,,,88,17.60,29,3,5,"… availability statements, but which do not have the means to check the contents of those statements in detail or enforce any data sharing mandates (policy 3). Journals that can commit to …","https://account.datascience.codata.org/index.php/up-j-dsj/article/view/dsj-2020-005/933","https://scholar.google.com/scholar?q=related:3b60qwox6DgJ:scholar.google.com/&scioq=policy+data+sharing+framework%7Carchitecture&hl=en&as_sdt=2007"
111,"D Ferraiolo, V Atluri, S Gavrila","The Policy Machine: A novel architecture and framework for access control policy specification and enforcement",2011,"Journal of Systems Architecture","Elsevier","https://www.sciencedirect.com/science/article/pii/S1383762110000251","https://scholar.google.com/scholar?cites=10585668574284707410&as_sdt=2005&sciodt=2007&hl=en",28,"2025-06-12 12:52:31","","","","",,,,,111,7.93,37,3,14,"… framework, referred to as the Policy Machine (PM) that fundamentally changes the way policy … communications and data sharing between applications that provide opportunities to leak …","https://www.academia.edu/download/87357117/j.sysarc.2010.04.00520220611-1-h5a78f.pdf","https://scholar.google.com/scholar?q=related:UnZBqHvZ55IJ:scholar.google.com/&scioq=policy+data+sharing+framework%7Carchitecture&hl=en&as_sdt=2007"
1,"P Nguyen, HH Nguyen, P Phung, HL Truong, ...","Advanced Context-Sensitive Access Management for Edge-Driven IoT Data Sharing as a Service",2025,"ACM Transactions on …","dl.acm.org","https://dl.acm.org/doi/abs/10.1145/3721430","https://scholar.google.com/scholar?cites=2203868442595006399&as_sdt=2005&sciodt=2007&hl=en",29,"2025-06-12 12:52:31","","10.1145/3721430","","",,,,,1,1.00,0,5,1,"… policy enforcement framework to support IoT data sharing (on-Edge) based on dynamic contracts. Our enforcement framework allows IoT Data Hub … data on the Edge based on policies …","https://dl.acm.org/doi/pdf/10.1145/3721430","https://scholar.google.com/scholar?q=related:v5eRBKy2lR4J:scholar.google.com/&scioq=policy+data+sharing+framework%7Carchitecture&hl=en&as_sdt=2007"
108,"U Narayanan, V Paul, S Joseph","A novel system architecture for secure authentication and data sharing in cloud enabled Big Data Environment",2022,"… of King Saud University-Computer and …","Elsevier","https://www.sciencedirect.com/science/article/pii/S1319157820303700","https://scholar.google.com/scholar?cites=5911469452402344106&as_sdt=2005&sciodt=2007&hl=en",30,"2025-06-12 12:52:31","HTML","","","",,,,,108,36.00,36,3,3,"… for addressing the main issues in Big data security over Cloud. We propose a novel system architecture called the Secure Authentication and Data Sharing in Cloud (SADS-Cloud). …","https://www.sciencedirect.com/science/article/pii/S1319157820303700","https://scholar.google.com/scholar?q=related:qsADiyXCCVIJ:scholar.google.com/&scioq=policy+data+sharing+framework%7Carchitecture&hl=en&as_sdt=2007"
3,"A Mitrovska, B Shariati, P Safari, ...","Data governance framework for telemetry sharing",2024,"ECOC 2024; 50th …","ieeexplore.ieee.org","https://ieeexplore.ieee.org/abstract/document/10926107/","https://scholar.google.com/scholar?cites=2289584054038848772&as_sdt=2005&sciodt=2007&hl=en",31,"2025-06-12 12:52:31","","","","",,,,,3,3.00,1,4,1,"… EDC framework and developed a solution for governed telemetry data sharing, while preserving data ownership … Policy enforcement is a central part of our proposed data governance …","","https://scholar.google.com/scholar?q=related:BGViAJE8xh8J:scholar.google.com/&scioq=policy+data+sharing+framework%7Carchitecture&hl=en&as_sdt=2007"
154,"D Frincke, D Tobin, J McConnell, ...","A framework for cooperative intrusion detection",1998,"Proc. 21st NIST …","books.google.com","https://books.google.com/books?hl=en&lr=&id=5g0SAQAAMAAJ&oi=fnd&pg=PA361&dq=policy+data+sharing+framework%7Carchitecture&ots=y_1IjX0njM&sig=BzGnVlbHnoddNkWTNBheJQz6IEQ","https://scholar.google.com/scholar?cites=6055397300073992427&as_sdt=2005&sciodt=2007&hl=en",32,"2025-06-12 12:52:31","HTML","","","",,,,,154,5.70,39,4,27,"… a framework to support cooperative intrusion detection across multiple domains and describes a prototype cooperative data sharing … the overall policy governing data sharing should be …","https://books.google.com/books?hl=en&lr=&id=5g0SAQAAMAAJ&oi=fnd&pg=PA361&dq=policy+data+sharing+framework%7Carchitecture&ots=y_1IjX0njM&sig=BzGnVlbHnoddNkWTNBheJQz6IEQ","https://scholar.google.com/scholar?q=related:6xDF9MIXCVQJ:scholar.google.com/&scioq=policy+data+sharing+framework%7Carchitecture&hl=en&as_sdt=2007"
85,"DS Sayogo, J Zhang, L Luna-Reyes, H Jarman, ...","Challenges and requirements for developing data architecture supporting integration of sustainable supply chains",2015,"Information Technology …","Springer","https://link.springer.com/article/10.1007/s10799-014-0203-3","https://scholar.google.com/scholar?cites=3479183388832026389&as_sdt=2005&sciodt=2007&hl=en",33,"2025-06-12 12:52:31","","10.1007/s10799-014-0203-3","","",,,,,85,8.50,17,5,10,"… data quality, integrity and security, design information policy … to data sharing affect the development of data architectures … for data producers/stewards to share their data to support an …","","https://scholar.google.com/scholar?q=related:Fc_Fz9uKSDAJ:scholar.google.com/&scioq=policy+data+sharing+framework%7Carchitecture&hl=en&as_sdt=2007"
107,"J Jin, GJ Ahn, H Hu, MJ Covington, ...","Patient-centric authorization framework for sharing electronic health records",2009,"Proceedings of the 14th …","dl.acm.org","https://dl.acm.org/doi/abs/10.1145/1542207.1542228","https://scholar.google.com/scholar?cites=4344887022488795530&as_sdt=2005&sciodt=2007&hl=en",34,"2025-06-12 12:52:31","","10.1145/1542207.1542228","","",,,,,107,6.69,21,5,16,"… In this paper, we refer to the shared EHR with complex data and policy composition features as the virtual composite EHR … In this paper, we assume the data sharing happens during …","https://www.researchgate.net/profile/Hongxin-Hu-3/publication/221366945_Patient-centric_authorization_framework_for_sharing_electronic_health_records/links/0deec51c06419ecb3e000000/Patient-centric-authorization-framework-for-sharing-electronic-health-records.pdf","https://scholar.google.com/scholar?q=related:ijmmDLojTDwJ:scholar.google.com/&scioq=policy+data+sharing+framework%7Carchitecture&hl=en&as_sdt=2007"
149,"T Wang, Z Su, Y Xia, M Hamdi","Rethinking the data center networking: Architecture, network protocols, and resource sharing",2014,"IEEE access","ieeexplore.ieee.org","https://ieeexplore.ieee.org/abstract/document/6990724/","https://scholar.google.com/scholar?cites=14489815898763611613&as_sdt=2005&sciodt=2007&hl=en",35,"2025-06-12 12:52:31","","","","",,,,,149,13.55,37,4,11,"… center network providing network performance isolation for multiple coexisted untrusted tenants following some fair sharing policies in a virtualized environment, so that the cloud …","https://ieeexplore.ieee.org/iel7/6287639/6705689/06990724.pdf","https://scholar.google.com/scholar?q=related:3c2cIsoqFskJ:scholar.google.com/&scioq=policy+data+sharing+framework%7Carchitecture&hl=en&as_sdt=2007"
88,"E Coles, H Cheyne, J Rankin, B Daniel","Getting it right for every child: a national policy framework to promote children's well‐being in Scotland, United Kingdom",2016,"The Milbank Quarterly","Wiley Online Library","https://onlinelibrary.wiley.com/doi/abs/10.1111/1468-0009.12195","https://scholar.google.com/scholar?cites=16281146465881791975&as_sdt=2005&sciodt=2007&hl=en",36,"2025-06-12 12:52:31","","10.1111/1468-0009.12195","","",,,,,88,9.78,22,4,9,"… Tensions have arisen around issues such as professional roles; intrusion, data sharing, and confidentiality; and the balance between supporting well-being and protecting children. …","https://pmc.ncbi.nlm.nih.gov/articles/PMC4911714/pdf/MILQ-94-334.pdf","https://scholar.google.com/scholar?q=related:5539EnNA8uEJ:scholar.google.com/&scioq=policy+data+sharing+framework%7Carchitecture&hl=en&as_sdt=2007"
290,"C Dsouza, GJ Ahn, M Taguinod","Policy-driven security management for fog computing: Preliminary framework and a case study",2014,"Proceedings of the 2014 IEEE …","ieeexplore.ieee.org","https://ieeexplore.ieee.org/abstract/document/7051866/","https://scholar.google.com/scholar?cites=4766125341442553955&as_sdt=2005&sciodt=2007&hl=en",37,"2025-06-12 12:52:31","","","","",,,,,290,26.36,97,3,11,"… To enable such complex collaboration and data sharing, we need to evaluate and resolve conflicts and anomalies dynamically whilst directing the requested information securely to its …","https://sefcom.asu.edu/publications/Policy-driven-security-management-iri2014.pdf","https://scholar.google.com/scholar?q=related:Y7ir-76tJEIJ:scholar.google.com/&scioq=policy+data+sharing+framework%7Carchitecture&hl=en&as_sdt=2007"
131,"D Patel","Research data management: a conceptual framework",2016,"Library review","emerald.com","https://www.emerald.com/insight/content/doi/10.1108/lr-01-2016-0001/full/html","https://scholar.google.com/scholar?cites=5958086957049589692&as_sdt=2005&sciodt=2007&hl=en",38,"2025-06-12 12:52:31","","10.1108/lr-01-2016-0001","","",,,,,131,14.56,131,1,9,"… a conceptual framework for managing research data at the institutional level. … for data reuse, derivative works and data sharing are consistent with the institutional data sharing policy. …","","https://scholar.google.com/scholar?q=related:vC_UJ4Vgr1IJ:scholar.google.com/&scioq=policy+data+sharing+framework%7Carchitecture&hl=en&as_sdt=2007"
78,"AK Shrestha, J Vassileva","Blockchain-based research data sharing framework for incentivizing the data owners",2018,"International Conference on Blockchain","Springer","https://link.springer.com/chapter/10.1007/978-3-319-94478-4_19","https://scholar.google.com/scholar?cites=8087817263910004920&as_sdt=2005&sciodt=2007&hl=en",39,"2025-06-12 12:52:31","","10.1007/978-3-319-94478-4_19","","",,,,,78,11.14,39,2,7,"… among registered parties/enterprises in their private network by incorporating automatic contract so that access-control policies would be stored securely on the blockchain. A user can …","https://www.researchgate.net/profile/Julita-Vassileva/publication/325897710_Blockchain-Based_Research_Data_Sharing_Framework_for_Incentivizing_the_Data_Owners/links/5bf6e7c3299bf1a0202c27a5/Blockchain-Based-Research-Data-Sharing-Framework-for-Incentivizing-the-Data-Owners.pdf","https://scholar.google.com/scholar?q=related:uKigT_OyPXAJ:scholar.google.com/&scioq=policy+data+sharing+framework%7Carchitecture&hl=en&as_sdt=2007"
4,"RK Mishra, RK Yadav, P Nath","Secure IoT data management and sharing architecture for information security using cryptographic technique",2023,"Journal of Intelligent &Fuzzy …","journals.sagepub.com","https://journals.sagepub.com/doi/abs/10.3233/JIFS-232483","https://scholar.google.com/scholar?cites=8233759419466091849&as_sdt=2005&sciodt=2007&hl=en",40,"2025-06-12 12:52:31","","10.3233/JIFS-232483","","",,,,,4,2.00,1,3,2,"… , the access policy definition for safe data sharing and … From a security perspective, an access policy is something that … The proposed architecture for secure data sharing in an IoT …","","https://scholar.google.com/scholar?q=related:SY1NU5EwRHIJ:scholar.google.com/&scioq=policy+data+sharing+framework%7Carchitecture&hl=en&as_sdt=2007"
135,"F Crespi, S Caravella, M Menghini, C Salvatori","European technological sovereignty: an emerging framework for policy strategy",2021,"Intereconomics","Springer","https://link.springer.com/article/10.1007/s10272-021-1013-6","https://scholar.google.com/scholar?cites=3725504937492349539&as_sdt=2005&sciodt=2007&hl=en",41,"2025-06-12 12:52:31","","10.1007/s10272-021-1013-6","","",,,,,135,33.75,34,4,4,"… The EU has had a global impact on the design of the data sharing regulatory framework, … of a common accountability and service framework in Europe has driven homogenisation in oth…","https://link.springer.com/content/pdf/10.1007/s10272-021-1013-6.pdf","https://scholar.google.com/scholar?q=related:YwIyiACnszMJ:scholar.google.com/&scioq=policy+data+sharing+framework%7Carchitecture&hl=en&as_sdt=2007"
23,"Y Hao, C Piao, Y Zhao, X Jiang","Privacy preserving government data sharing based on hyperledger blockchain",2019,"International Conference on e-Business …","Springer","https://link.springer.com/chapter/10.1007/978-3-030-34986-8_27","https://scholar.google.com/scholar?cites=10264826823906145462&as_sdt=2005&sciodt=2007&hl=en",42,"2025-06-12 12:52:31","","10.1007/978-3-030-34986-8_27","","",,,,,23,3.83,6,4,6,"… preserving government data sharing framework to strengthen … The privacy preserving government data sharing framework … preserving policy according to the data sharing regulations. …","","https://scholar.google.com/scholar?q=related:trTTZ5z9c44J:scholar.google.com/&scioq=policy+data+sharing+framework%7Carchitecture&hl=en&as_sdt=2007"
117,"M Smith, LM Lix, M Azimaee, JE Enns, ...","Assessing the quality of administrative data for research: a framework from the Manitoba Centre for Health Policy",2018,"Journal of the …","academic.oup.com","https://academic.oup.com/jamia/article-pdf/doi/10.1093/jamia/ocx078/34149941/ocx078.pdf","https://scholar.google.com/scholar?cites=9759537110470786878&as_sdt=2005&sciodt=2007&hl=en",43,"2025-06-12 12:52:31","","10.1093/jamia/ocx078/34149941/ocx078","","",,,,,117,16.71,23,5,7,"… data quality framework developed at the Manitoba Centre for Health Policy, a world leader in the use of administrative data … In sharing this framework, our ultimate aim is to promote best …","https://pmc.ncbi.nlm.nih.gov/articles/PMC7651885/pdf/ocx078.pdf","https://scholar.google.com/scholar?q=related:Pn_aMUvXcIcJ:scholar.google.com/&scioq=policy+data+sharing+framework%7Carchitecture&hl=en&as_sdt=2007"
65,"JC Smart","Process and framework for facilitating data sharing using a distributed hypergraph",2018,"US Patent 9,996,567","Google Patents","https://patents.google.com/patent/US9996567B2/en","https://scholar.google.com/scholar?cites=15839194949503359103&as_sdt=2005&sciodt=2007&hl=en",44,"2025-06-12 12:52:31","","","","",,,,,65,9.29,65,1,7,"US9996567B2 - Process and framework for facilitating data sharing using a distributed hypergraph - Google Patents US9996567B2 - Process and framework for facilitating data sharing …","https://patentimages.storage.googleapis.com/27/09/5d/db5262c09998d2/US9996567.pdf","https://scholar.google.com/scholar?q=related:fxhPDeMf0NsJ:scholar.google.com/&scioq=policy+data+sharing+framework%7Carchitecture&hl=en&as_sdt=2007"
28,"AGM Alzahrani, A Alenezi, A Mershed, H Atlam, G Wills","A framework for data sharing between healthcare providers using blockchain",2020,"","eprints.soton.ac.uk","https://eprints.soton.ac.uk/441170","https://scholar.google.com/scholar?cites=14495802326907325760&as_sdt=2005&sciodt=2007&hl=en",45,"2025-06-12 12:52:31","","","","",,,,,28,5.60,6,5,5,"… a framework based on the blockchain technology to provide a secure environment for data sharing … Risk Policy: making the policy clear enough to the patients and using smart contracts …","https://eprints.soton.ac.uk/441170/1/Framework_for_Data_Sharing_between_Healthcare_Providers.pdf","https://scholar.google.com/scholar?q=related:QI2XDWpvK8kJ:scholar.google.com/&scioq=policy+data+sharing+framework%7Carchitecture&hl=en&as_sdt=2007"
95,"J Sun, L Ren, S Wang, X Yao","A blockchain-based framework for electronic medical records sharing with fine-grained access control",2020,"Plos one","journals.plos.org","https://journals.plos.org/plosone/article?id=10.1371/journal.pone.0239946","https://scholar.google.com/scholar?cites=493775960294847656&as_sdt=2005&sciodt=2007&hl=en",46,"2025-06-12 12:52:31","HTML","","","",,,,,95,19.00,24,4,5,"… without supporting data sharing with third … data sharing framework that fully solves the access policy challenges related with sensitive information stored in the cloud. The framework is …","https://journals.plos.org/plosone/article?id=10.1371/journal.pone.0239946","https://scholar.google.com/scholar?q=related:qHQAqJ4-2gYJ:scholar.google.com/&scioq=policy+data+sharing+framework%7Carchitecture&hl=en&as_sdt=2007"
66,"Y Miao, X Liu, KKR Choo, RH Deng, ...","Fair and dynamic data sharing framework in cloud-assisted internet of everything",2019,"IEEE Internet of Things …","ieeexplore.ieee.org","https://ieeexplore.ieee.org/abstract/document/8707052/","https://scholar.google.com/scholar?cites=3011138272805246720&as_sdt=2005&sciodt=2007&hl=en",47,"2025-06-12 12:52:31","","","","",,,,,66,11.00,13,5,6,"… SE solutions rarely consider the malicious data owner and semi-… (eg, data modification, data insertion, and data deletion) are … a fair and dynamic data sharing framework (FairDynDSF) in …","https://ink.library.smu.edu.sg/cgi/viewcontent.cgi?article=5679&context=sis_research","https://scholar.google.com/scholar?q=related:ANcjME62ySkJ:scholar.google.com/&scioq=policy+data+sharing+framework%7Carchitecture&hl=en&as_sdt=2007"
165,"HK Tabor, BE Berkman, SC Hull, ...","Genomics really gets personal: how exome and whole genome sequencing challenge the ethical framework of human genetics research",2011,"American Journal of …","Wiley Online Library","https://onlinelibrary.wiley.com/doi/abs/10.1002/ajmg.a.34357","https://scholar.google.com/scholar?cites=13338035774712243591&as_sdt=2005&sciodt=2007&hl=en",48,"2025-06-12 12:52:31","","10.1002/ajmg.a.34357","","",,,,,165,11.79,41,4,14,"… data produced, challenge the “standard” ethical framework … of this framework: the informed consent process, data sharing, … development of robust data sharing policies and protections. …","https://pmc.ncbi.nlm.nih.gov/articles/PMC4819320/pdf/nihms771500.pdf","https://scholar.google.com/scholar?q=related:h-Usgd44GrkJ:scholar.google.com/&scioq=policy+data+sharing+framework%7Carchitecture&hl=en&as_sdt=2007"
126,"Z Nedovic-Budic, JK Pinto","Understanding interorganizational GIS activities: A conceptual framework",1999,"Urisa-Washington Dc-","Citeseer","https://citeseerx.ist.psu.edu/document?repid=rep1&type=pdf&doi=be94742de0197c7b0680e94038903e20761baa18#page=55","https://scholar.google.com/scholar?cites=3236076851844582128&as_sdt=2005&sciodt=2007&hl=en",49,"2025-06-12 12:52:31","PDF","","","",,,,,126,4.85,63,2,26,"… GIS developments and database sharing is reduced … diffusion, we propose a comprehensive framework for understanding … database developments, and related mechanisms, policies, …","https://citeseerx.ist.psu.edu/document?repid=rep1&type=pdf&doi=be94742de0197c7b0680e94038903e20761baa18#page=55","https://scholar.google.com/scholar?q=related:8IoPVMDa6CwJ:scholar.google.com/&scioq=policy+data+sharing+framework%7Carchitecture&hl=en&as_sdt=2007"
143,"A Oltramari, D Piraviperumal, F Schaub, ...","PrivOnto: a semantic framework for the analysis of privacy policies",2018,"Semantic …","journals.sagepub.com","https://journals.sagepub.com/doi/abs/10.3233/SW-170283","https://scholar.google.com/scholar?cites=17738929873691880874&as_sdt=2005&sciodt=2007&hl=en",50,"2025-06-12 12:52:31","","10.3233/SW-170283","","",,,,,143,20.43,36,4,7,"… web framework can be used to model relevant data practices … Sharing/Collection Privacy practice describing data sharing … Party Sharing/Collection, we observed that privacy policies …","https://journals.sagepub.com/doi/pdf/10.3233/SW-170283","https://scholar.google.com/scholar?q=related:qi34OLxWLfYJ:scholar.google.com/&scioq=policy+data+sharing+framework%7Carchitecture&hl=en&as_sdt=2007"
